<?xml version="1.0" encoding="UTF-8"?>
<metadata xml:lang="pt"><Esri><CreaDate>20220331</CreaDate><CreaTime>10253500</CreaTime><SyncOnce>FALSE</SyncOnce><SyncDate>20220622</SyncDate><SyncTime>14033000</SyncTime><ModDate>20220622</ModDate><ModTime>14033000</ModTime><DataProperties><lineage><Process ToolSource="C:\Arquivos de programas\ArcGIS\ArcToolbox\Toolboxes\Conversion Tools.tbx\FeatureClassToFeatureClass" Date="20100927" Time="161604">FeatureClassToFeatureClass "C:\Documents and Settings\leandrogomes\Desktop\WORKTEMP\GerGeoprocessamento\Leandro Souza\Limites de Bairros\Backup Bairros Recebidos Gridlab\BAIRROS.mdb\Bairros" "Database Connections\basegeo (admin).sde\BaseGeo.SDE.Limites_Administrativos" LimiteBairro_2k # "Area_Planejamento 'Area_Planejamento' true true false 8 Double 0 0 ,First,#,C:\Documents and Settings\leandrogomes\Desktop\WORKTEMP\GerGeoprocessamento\Leandro Souza\Limites de Bairros\Backup Bairros Recebidos Gridlab\BAIRROS.mdb\Bairros,Area_Planejamento,-1,-1;CodBairro 'CodBairro' true true false 8 Double 0 0 ,First,#,C:\Documents and Settings\leandrogomes\Desktop\WORKTEMP\GerGeoprocessamento\Leandro Souza\Limites de Bairros\Backup Bairros Recebidos Gridlab\BAIRROS.mdb\Bairros,CodBairro,-1,-1;CodRA 'CodRA' true true false 8 Double 0 0 ,First,#,C:\Documents and Settings\leandrogomes\Desktop\WORKTEMP\GerGeoprocessamento\Leandro Souza\Limites de Bairros\Backup Bairros Recebidos Gridlab\BAIRROS.mdb\Bairros,CodRA,-1,-1;CodbNum 'CodbNum' true true false 8 Double 0 0 ,First,#,C:\Documents and Settings\leandrogomes\Desktop\WORKTEMP\GerGeoprocessamento\Leandro Souza\Limites de Bairros\Backup Bairros Recebidos Gridlab\BAIRROS.mdb\Bairros,CodbNum,-1,-1;FeatId1 'FeatId1' true true false 8 Double 0 0 ,First,#,C:\Documents and Settings\leandrogomes\Desktop\WORKTEMP\GerGeoprocessamento\Leandro Souza\Limites de Bairros\Backup Bairros Recebidos Gridlab\BAIRROS.mdb\Bairros,FeatId1,-1,-1;Link 'Link' true true false 254 Text 0 0 ,First,#,C:\Documents and Settings\leandrogomes\Desktop\WORKTEMP\GerGeoprocessamento\Leandro Souza\Limites de Bairros\Backup Bairros Recebidos Gridlab\BAIRROS.mdb\Bairros,Link,-1,-1;Nome 'Nome' true true false 254 Text 0 0 ,First,#,C:\Documents and Settings\leandrogomes\Desktop\WORKTEMP\GerGeoprocessamento\Leandro Souza\Limites de Bairros\Backup Bairros Recebidos Gridlab\BAIRROS.mdb\Bairros,Nome,-1,-1;Regiao_ADM 'Regiao_ADM' true true false 254 Text 0 0 ,First,#,C:\Documents and Settings\leandrogomes\Desktop\WORKTEMP\GerGeoprocessamento\Leandro Souza\Limites de Bairros\Backup Bairros Recebidos Gridlab\BAIRROS.mdb\Bairros,Regiao_ADM,-1,-1;Shape_Length 'Shape_Length' false true true 8 Double 0 0 ,First,#,C:\Documents and Settings\leandrogomes\Desktop\WORKTEMP\GerGeoprocessamento\Leandro Souza\Limites de Bairros\Backup Bairros Recebidos Gridlab\BAIRROS.mdb\Bairros,Shape_Length,-1,-1;Shape_Area 'Shape_Area' false true true 8 Double 0 0 ,First,#,C:\Documents and Settings\leandrogomes\Desktop\WORKTEMP\GerGeoprocessamento\Leandro Souza\Limites de Bairros\Backup Bairros Recebidos Gridlab\BAIRROS.mdb\Bairros,Shape_Area,-1,-1" # "Database Connections\basegeo (admin).sde\BaseGeo.SDE.Limites_Administrativos\basegeo.SDE.LimiteBairro_2k"</Process><Process ToolSource="C:\Arquivos de programas\ArcGIS\ArcToolbox\Toolboxes\Data Management Tools.tbx\DeleteRows" Date="20110411" Time="173241">DeleteRows "Database Connections\basegeo (admin).sde\BaseGeo.SDE.Limites_Administrativos\basegeo.SDE.LimiteBairro_2k" "Database Connections\basegeo (admin).sde\BaseGeo.SDE.Limites_Administrativos\basegeo.SDE.LimiteBairro_2k"</Process><Process ToolSource="C:\Arquivos de programas\ArcGIS\ArcToolbox\Toolboxes\Data Management Tools.tbx\DeleteRows" Date="20110411" Time="181031">DeleteRows "Database Connections\basegeo (admin).sde\BaseGeo.SDE.Limites_Administrativos\basegeo.SDE.LimiteBairro_2k" "Database Connections\basegeo (admin).sde\BaseGeo.SDE.Limites_Administrativos\basegeo.SDE.LimiteBairro_2k"</Process><Process ToolSource="c:\program files (x86)\arcgis\desktop10.5\ArcToolbox\Toolboxes\Data Management Tools.tbx\CalculateField" Date="20180129" Time="101356">CalculateField BaseGeo.DBO.LimiteBairro_2k FeatId1 [OBJECTID] VB #</Process><Process ToolSource="c:\program files (x86)\arcgis\desktop10.5\ArcToolbox\Toolboxes\Data Management Tools.tbx\CalculateField" Date="20211210" Time="124331">CalculateField BaseGeo.DBO.LimiteBairro_2k FeatId1 [OBJECTID] VB #</Process><Process ToolSource="c:\program files (x86)\arcgis\desktop10.8\ArcToolbox\Toolboxes\Data Management Tools.tbx\Project" Date="20220223" Time="100158">Project "Database Connections\BaseGeo.sde\BaseGeo.DBO.Limites_Administrativos\BaseGeo.DBO.LimiteBairro_2k" C:\Users\02497311\Desktop\Bases_NP_limites_administrativos.mdb\LimiteBairro_2k_SIRGAS PROJCS['SIRGAS_2000_UTM_Zone_23S',GEOGCS['GCS_SIRGAS_2000',DATUM['D_SIRGAS_2000',SPHEROID['GRS_1980',6378137.0,298.257222101]],PRIMEM['Greenwich',0.0],UNIT['Degree',0.0174532925199433]],PROJECTION['Transverse_Mercator'],PARAMETER['False_Easting',500000.0],PARAMETER['False_Northing',10000000.0],PARAMETER['Central_Meridian',-45.0],PARAMETER['Scale_Factor',0.9996],PARAMETER['Latitude_Of_Origin',0.0],UNIT['Meter',1.0]] 'SAD_1969_To_WGS_1984_14 + SIRGAS_2000_To_WGS_1984_1' PROJCS['SAD_1969_UTM_Zone_23S',GEOGCS['GCS_South_American_1969',DATUM['D_South_American_1969',SPHEROID['GRS_1967_Truncated',6378160.0,298.25]],PRIMEM['Greenwich',0.0],UNIT['Degree',0.0174532925199433]],PROJECTION['Transverse_Mercator'],PARAMETER['False_Easting',500000.0],PARAMETER['False_Northing',10000000.0],PARAMETER['Central_Meridian',-45.0],PARAMETER['Scale_Factor',0.9996],PARAMETER['Latitude_Of_Origin',0.0],UNIT['Meter',1.0]] NO_PRESERVE_SHAPE # NO_VERTICAL</Process><Process ToolSource="c:\program files (x86)\arcgis\desktop10.5\ArcToolbox\Toolboxes\Data Management Tools.tbx\CalculateField" Date="20220401" Time="154403">CalculateField BAIRROS_2K_2022_IPP_SIRGAS COD_CAP "1.0" VB #</Process><Process ToolSource="c:\program files (x86)\arcgis\desktop10.5\ArcToolbox\Toolboxes\Data Management Tools.tbx\CalculateField" Date="20220622" Time="140115">CalculateField BAIRROS_2K_2022_IPP_SIRGAS munic 330455 VB #</Process><Process ToolSource="c:\program files (x86)\arcgis\desktop10.5\ArcToolbox\Toolboxes\Data Management Tools.tbx\CalculateField" Date="20220622" Time="140125">CalculateField BAIRROS_2K_2022_IPP_SIRGAS munic "330455" VB #</Process><Process ToolSource="c:\program files (x86)\arcgis\desktop10.5\ArcToolbox\Toolboxes\Data Management Tools.tbx\CalculateField" Date="20220622" Time="140203">CalculateField BAIRROS_2K_2022_IPP_SIRGAS munic "330455"
 VB #</Process><Process ToolSource="c:\program files (x86)\arcgis\desktop10.5\ArcToolbox\Toolboxes\Data Management Tools.tbx\CalculateField" Date="20220622" Time="140242">CalculateField BAIRROS_2K_2022_IPP_SIRGAS munic "330455"
 VB #</Process><Process ToolSource="c:\program files (x86)\arcgis\desktop10.5\ArcToolbox\Toolboxes\Data Management Tools.tbx\Dissolve" Date="20220622" Time="140332">Dissolve BAIRROS_2K_2022_IPP_SIRGAS D:\CIE_GEO\DADOS\SHP\BASES_SIRGAS_2000\BASES_TERRITORIAIS\MUNIC_2K_2022_IPP_SIRGAS.shp munic # MULTI_PART DISSOLVE_LINES</Process></lineage><itemProps><itemLocation><linkage Sync="TRUE">file://\\DESKTOP-A9CFO33\D$\CIE_GEO\DADOS\SHP\BASES_SIRGAS_2000\BASES_TERRITORIAIS\MUNIC_2K_2022_IPP_SIRGAS.shp</linkage><protocol Sync="TRUE">Local Area Network</protocol></itemLocation><itemName Sync="TRUE">MUNIC_2K_2022_IPP_SIRGAS</itemName><imsContentType Sync="TRUE">002</imsContentType><nativeExtBox><westBL Sync="TRUE">623577.410117</westBL><eastBL Sync="TRUE">695396.799752</eastBL><southBL Sync="TRUE">7446622.840031</southBL><northBL Sync="TRUE">7483420.414721</northBL><exTypeCode Sync="TRUE">1</exTypeCode></nativeExtBox><itemSize Sync="TRUE">0.000</itemSize></itemProps><coordRef><type Sync="TRUE">Projected</type><geogcsn Sync="TRUE">GCS_SIRGAS_2000</geogcsn><csUnits Sync="TRUE">Linear Unit: Meter (1.000000)</csUnits><projcsn Sync="TRUE">SIRGAS_2000_UTM_Zone_23S</projcsn><peXml Sync="TRUE">&lt;ProjectedCoordinateSystem xsi:type='typens:ProjectedCoordinateSystem' xmlns:xsi='http://www.w3.org/2001/XMLSchema-instance' xmlns:xs='http://www.w3.org/2001/XMLSchema' xmlns:typens='http://www.esri.com/schemas/ArcGIS/10.5'&gt;&lt;WKT&gt;PROJCS[&amp;quot;SIRGAS_2000_UTM_Zone_23S&amp;quot;,GEOGCS[&amp;quot;GCS_SIRGAS_2000&amp;quot;,DATUM[&amp;quot;D_SIRGAS_2000&amp;quot;,SPHEROID[&amp;quot;GRS_1980&amp;quot;,6378137.0,298.257222101]],PRIMEM[&amp;quot;Greenwich&amp;quot;,0.0],UNIT[&amp;quot;Degree&amp;quot;,0.0174532925199433]],PROJECTION[&amp;quot;Transverse_Mercator&amp;quot;],PARAMETER[&amp;quot;False_Easting&amp;quot;,500000.0],PARAMETER[&amp;quot;False_Northing&amp;quot;,10000000.0],PARAMETER[&amp;quot;Central_Meridian&amp;quot;,-45.0],PARAMETER[&amp;quot;Scale_Factor&amp;quot;,0.9996],PARAMETER[&amp;quot;Latitude_Of_Origin&amp;quot;,0.0],UNIT[&amp;quot;Meter&amp;quot;,1.0],AUTHORITY[&amp;quot;EPSG&amp;quot;,31983]]&lt;/WKT&gt;&lt;XOrigin&gt;-5120900&lt;/XOrigin&gt;&lt;YOrigin&gt;1900&lt;/YOrigin&gt;&lt;XYScale&gt;450445547.3910538&lt;/XYScale&gt;&lt;ZOrigin&gt;-100000&lt;/ZOrigin&gt;&lt;ZScale&gt;10000&lt;/ZScale&gt;&lt;MOrigin&gt;-100000&lt;/MOrigin&gt;&lt;MScale&gt;10000&lt;/MScale&gt;&lt;XYTolerance&gt;0.001&lt;/XYTolerance&gt;&lt;ZTolerance&gt;0.001&lt;/ZTolerance&gt;&lt;MTolerance&gt;0.001&lt;/MTolerance&gt;&lt;HighPrecision&gt;true&lt;/HighPrecision&gt;&lt;WKID&gt;31983&lt;/WKID&gt;&lt;LatestWKID&gt;31983&lt;/LatestWKID&gt;&lt;/ProjectedCoordinateSystem&gt;</peXml></coordRef></DataProperties><ArcGISFormat>1.0</ArcGISFormat><scaleRange><minScale>50000</minScale><maxScale>2000</maxScale></scaleRange></Esri><idinfo><native Sync="TRUE">Microsoft Windows XP Version 5.1 (Build 2600) Service Pack 3; ESRI ArcCatalog 9.3.0.1770</native><descript><langdata Sync="TRUE">pt</langdata><abstract>REQUIRED: A brief narrative summary of the data set.</abstract><purpose>REQUIRED: A summary of the intentions with which the data set was developed.</purpose></descript><citation><citeinfo><origin>REQUIRED: The name of an organization or individual that developed the data set.</origin><pubdate>REQUIRED: The date when the data set is published or otherwise made available for release.</pubdate><title Sync="TRUE">basegeo.SDE.LimiteBairro_2k</title><ftname Sync="TRUE">basegeo.SDE.LimiteBairro_2k</ftname><geoform Sync="TRUE">vector digital data</geoform><onlink Sync="TRUE">Server=basegeo; Service=sde:sqlserver:10.5.132.18; Database=basegeo; User=usersde; Version=sde.DEFAULT</onlink></citeinfo></citation><timeperd><current>REQUIRED: The basis on which the time period of content information is determined.</current><timeinfo><sngdate><caldate>REQUIRED: The year (and optionally month, or month and day) for which the data set corresponds to the ground.</caldate></sngdate></timeinfo></timeperd><status><progress>REQUIRED: The state of the data set.</progress><update>REQUIRED: The frequency with which changes and additions are made to the data set after the initial data set is completed.</update></status><spdom><bounding><westbc Sync="TRUE">-43.796404</westbc><eastbc Sync="TRUE">-43.092509</eastbc><northbc Sync="TRUE">-22.745219</northbc><southbc Sync="TRUE">-23.084357</southbc></bounding><lboundng><leftbc Sync="TRUE">623577.410117</leftbc><rightbc Sync="TRUE">695396.799752</rightbc><bottombc Sync="TRUE">7446622.840031</bottombc><topbc Sync="TRUE">7483420.414721</topbc></lboundng></spdom><keywords><theme><themekt>REQUIRED: Reference to a formally registered thesaurus or a similar authoritative source of theme keywords.</themekt><themekey>REQUIRED: Common-use word or phrase used to describe the subject of the data set.</themekey></theme></keywords><accconst>REQUIRED: Restrictions and legal prerequisites for accessing the data set.</accconst><useconst>REQUIRED: Restrictions and legal prerequisites for using the data set after access is granted.</useconst><natvform Sync="TRUE">SDE Feature Class</natvform></idinfo><dataIdInfo><envirDesc Sync="TRUE"> Version 6.2 (Build 9200) ; Esri ArcGIS 10.5.1.7333</envirDesc><dataLang><languageCode Sync="TRUE" value="por"/><countryCode value="BRA" Sync="TRUE"/></dataLang><idCitation><resTitle Sync="TRUE">MUNIC_2K_2022_IPP_SIRGAS</resTitle><presForm><PresFormCd Sync="TRUE" value="005"/></presForm><date><createDate/></date><citRespParty><rpIndName>Leandro Souza</rpIndName><rpOrgName>Prefeitura do Rio de Janeiro</rpOrgName><rpPosName>Analista de dados</rpPosName><role><RoleCd value="001"/></role><rpCntInfo><cntAddress addressType="postal">postal<delPoint>Rua Gago Coutinho, 57</delPoint><city>Rio de Janeiro</city><adminArea>RJ</adminArea><postCode>22.221-070</postCode><eMailAdd>leandrogs86@gmail.com</eMailAdd><country>BR</country></cntAddress><cntPhone><voiceNum tddtty="">2976-6667</voiceNum><faxNum/></cntPhone></rpCntInfo></citRespParty></idCitation><spatRpType><SpatRepTypCd Sync="TRUE" value="001"/></spatRpType><dataExt><geoEle><GeoBndBox esriExtentType="native"><westBL Sync="TRUE">623577.410117</westBL><eastBL Sync="TRUE">695396.799752</eastBL><northBL Sync="TRUE">7483420.414721</northBL><southBL Sync="TRUE">7446622.840031</southBL><exTypeCode Sync="TRUE">1</exTypeCode></GeoBndBox></geoEle></dataExt><geoBox esriExtentType="decdegrees"><westBL Sync="TRUE">-43.796404</westBL><eastBL Sync="TRUE">-43.092509</eastBL><northBL Sync="TRUE">-22.745219</northBL><southBL Sync="TRUE">-23.084357</southBL><exTypeCode Sync="TRUE">1</exTypeCode></geoBox><dataExt><geoEle><GeoBndBox esriExtentType="search"><exTypeCode Sync="TRUE">1</exTypeCode><westBL Sync="TRUE">-43.796404</westBL><eastBL Sync="TRUE">-43.092509</eastBL><northBL Sync="TRUE">-22.745219</northBL><southBL Sync="TRUE">-23.084357</southBL></GeoBndBox></geoEle></dataExt><searchKeys><keyword>Território e Meio Ambiente, Divisões administrativas </keyword></searchKeys><idPurp>Limite de Bairro 2k</idPurp><idAbs>Base com os limites de bairros desenhado pelos fundos dos lotes da Cidade do Rio de Janeiro</idAbs><idCredit>Prefeitura da Cidade do Rio de Janeiro</idCredit><resConst><Consts><useLimit>Uso público, citadas as fontes e sem alteração das informações originais.</useLimit></Consts></resConst><tpCat><TopicCatCd value="016"/></tpCat><idStatus><ProgCd value="001"/></idStatus><dataScale><equScale><rfDenom>2000</rfDenom></equScale></dataScale><resMaint><maintFreq><MaintFreqCd value="009"/></maintFreq></resMaint><idPoC><rpIndName>Leandro Souza</rpIndName><rpOrgName>Prefeitura do Rio de Janeiro</rpOrgName><rpPosName>Analista de dados</rpPosName><role><RoleCd value="007"/></role><rpCntInfo><cntAddress addressType="postal">postal<delPoint>Rua Gago Coutinho, 57</delPoint><city>Rio de Janeiro</city><adminArea>RJ</adminArea><postCode>22.221-070</postCode><eMailAdd>leandrogs86@gmail.com</eMailAdd><country>BR</country></cntAddress><cntPhone><voiceNum tddtty="">2976-6667</voiceNum><faxNum/></cntPhone></rpCntInfo></idPoC></dataIdInfo><metainfo><langmeta Sync="TRUE">pt</langmeta><metstdn Sync="TRUE">FGDC Content Standards for Digital Geospatial Metadata</metstdn><metstdv Sync="TRUE">FGDC-STD-001-1998</metstdv><mettc Sync="TRUE">local time</mettc><metc><cntinfo><cntorgp><cntper>REQUIRED: The person responsible for the metadata information.</cntper><cntorg>REQUIRED: The organization responsible for the metadata information.</cntorg></cntorgp><cntaddr><addrtype>REQUIRED: The mailing and/or physical address for the organization or individual.</addrtype><city>REQUIRED: The city of the address.</city><state>REQUIRED: The state or province of the address.</state><postal>REQUIRED: The ZIP or other postal code of the address.</postal></cntaddr><cntvoice>REQUIRED: The telephone number by which individuals can speak to the organization or individual.</cntvoice></cntinfo></metc><metd Sync="TRUE">20100929</metd></metainfo><mdLang><languageCode Sync="TRUE" value="por"/><countryCode value="BRA" Sync="TRUE"/></mdLang><mdStanName Sync="TRUE">ISO 19115 Geographic Information - Metadata</mdStanName><mdStanVer Sync="TRUE">DIS_ESRI1.0</mdStanVer><mdChar><CharSetCd Sync="TRUE" value="004"/></mdChar><mdHrLv><ScopeCd Sync="TRUE" value="005"/></mdHrLv><mdHrLvName Sync="TRUE">dataset</mdHrLvName><distinfo><resdesc Sync="TRUE">Downloadable Data</resdesc></distinfo><distInfo><distributor><distorTran><onLineSrc><orDesc Sync="TRUE">002</orDesc><linkage Sync="TRUE">Server=basegeo; Service=sde:sqlserver:10.5.132.18; Database=basegeo; User=usersde; Version=sde.DEFAULT</linkage><protocol Sync="TRUE">ArcSDE Connection</protocol></onLineSrc><formatVer>10.5</formatVer></distorTran><distorFormat><formatName Sync="TRUE">SDE Feature Class</formatName><formatVer>10.5</formatVer></distorFormat></distributor><distFormat><formatName Sync="TRUE">Shapefile</formatName><formatVer>10.5</formatVer></distFormat><distTranOps><transSize Sync="TRUE">0.000</transSize></distTranOps></distInfo><spdoinfo><direct Sync="TRUE">Vector</direct><ptvctinf><esriterm Name="MUNIC_2K_2022_IPP_SIRGAS"><efeatyp Sync="TRUE">Simple</efeatyp><efeageom code="4" Sync="TRUE"></efeageom><esritopo Sync="TRUE">FALSE</esritopo><efeacnt Sync="TRUE">0</efeacnt><spindex Sync="TRUE">FALSE</spindex><linrefer Sync="TRUE">FALSE</linrefer></esriterm></ptvctinf></spdoinfo><spref><horizsys><cordsysn><geogcsn Sync="TRUE">GCS_South_American_1969</geogcsn><projcsn Sync="TRUE">SAD_1969_UTM_Zone_23S</projcsn></cordsysn><planar><planci><plance Sync="TRUE">coordinate pair</plance><plandu Sync="TRUE">meters</plandu><coordrep><absres Sync="TRUE">0.000128</absres><ordres Sync="TRUE">0.000128</ordres></coordrep></planci></planar><geodetic><horizdn Sync="TRUE">D_South_American_1969</horizdn><ellips Sync="TRUE">GRS_1967_Truncated</ellips><semiaxis Sync="TRUE">6378160.000000</semiaxis><denflat Sync="TRUE">298.250000</denflat></geodetic></horizsys><vertdef><altsys><altenc Sync="TRUE">Explicit elevation coordinate included with horizontal coordinates</altenc><altres Sync="TRUE">1.000000</altres></altsys></vertdef></spref><refSysInfo><RefSystem dimension="horizontal"><refSysID dimension="horizontal"><identCode Sync="TRUE" code="31983" dimension="horizontal">SAD_1969_UTM_Zone_23S</identCode><idCodeSpace Sync="TRUE" dimension="horizontal">EPSG</idCodeSpace><idVersion Sync="TRUE" dimension="horizontal">7.8.3(8.1.2)</idVersion></refSysID></RefSystem></refSysInfo><spatRepInfo><VectSpatRep><geometObjs Name="MUNIC_2K_2022_IPP_SIRGAS"><geoObjTyp><GeoObjTypCd value="002" Sync="TRUE"></GeoObjTypCd></geoObjTyp><geoObjCnt Sync="TRUE">0</geoObjCnt></geometObjs><topLvl><TopoLevCd value="001" Sync="TRUE"></TopoLevCd></topLvl></VectSpatRep></spatRepInfo><eainfo><detailed Name="MUNIC_2K_2022_IPP_SIRGAS"><enttyp><enttypl Sync="TRUE">MUNIC_2K_2022_IPP_SIRGAS</enttypl><enttypt Sync="TRUE">Feature Class</enttypt><enttypc Sync="TRUE">0</enttypc><enttypd>Limite de Bairro 2k</enttypd><enttypds>PCRJ</enttypds></enttyp><attr><attrlabl Sync="TRUE">FID</attrlabl><attalias Sync="TRUE">FID</attalias><attrtype Sync="TRUE">OID</attrtype><attwidth Sync="TRUE">4</attwidth><atprecis Sync="TRUE">0</atprecis><attscale Sync="TRUE">0</attscale><attrdef Sync="TRUE">Internal feature number.</attrdef><attrdefs Sync="TRUE">Esri</attrdefs><attrdomv><udom Sync="TRUE">Sequential unique whole numbers that are automatically generated.</udom></attrdomv></attr><attr><attrlabl Sync="TRUE">Shape</attrlabl><attalias Sync="TRUE">Shape</attalias><attrtype Sync="TRUE">Geometry</attrtype><attwidth Sync="TRUE">0</attwidth><atprecis Sync="TRUE">0</atprecis><attscale Sync="TRUE">0</attscale><attrdef Sync="TRUE">Geometria da feature</attrdef><attrdefs Sync="TRUE">Esri</attrdefs><attrdomv><udom Sync="TRUE">Coordinates defining the features.</udom></attrdomv></attr><attr><attrlabl Sync="TRUE">munic</attrlabl><attalias Sync="TRUE">munic</attalias><attrtype Sync="TRUE">String</attrtype><attwidth Sync="TRUE">50</attwidth><atprecis Sync="TRUE">0</atprecis><attscale Sync="TRUE">0</attscale></attr></detailed></eainfo><mdDateSt Sync="TRUE">20220622</mdDateSt><mdFileID>000000000000000000000000000000</mdFileID><mdMaint><maintFreq><MaintFreqCd value="009"/></maintFreq></mdMaint><dqInfo><dqScope><scpLvl><ScopeCd value="005"/></scpLvl></dqScope><dataLineage><statement>Base com os limites de bairros desenhado pelos fundos dos lotes da Cidade do Rio de Janeiro</statement></dataLineage></dqInfo></metadata>
